url_length,domain_length,path_length,num_subdomains,num_dots,num_digits,num_special_chars,has_ip_address,suspicious_keyword_count,url_entropy,uses_https,encoded_char_count,redirect_marker_count,has_redirection_pattern,domain_age_days,label
22,14,0,1,2,0,5,0,0,3.663532754804254,1,0,0,0,0,0
21,13,0,1,2,0,5,0,0,3.6897037321995474,1,0,0,0,0,0
25,17,0,1,2,0,5,0,0,3.673269689515108,1,0,0,0,0,0
18,10,0,0,1,0,4,0,0,3.6835423624332306,1,0,0,0,0,0
37,30,0,0,1,0,7,0,3,4.208924987016684,0,0,0,0,0,1
36,29,0,0,1,0,7,0,2,4.350209029099896,0,0,0,0,0,1
32,25,0,0,1,0,6,0,3,4.030639062229566,0,0,0,0,0,1
30,23,0,0,1,0,7,0,0,4.081727678869736,0,0,0,0,0,1
36,29,0,0,1,0,6,0,1,4.162573265150912,0,0,0,0,0,1
